No.,Tool,Exact Sitemap URL,LinkedIn Post,X.com Post,X Character Count,Mandatory + Relevant Hashtags,Image Text,Image Generation Prompt
1,Financial Calculators Suite,https://finance.codepackr.com/calculators,"Financial Calculators Suite: one less financial calculation to do by hand.

Calculate loans, EMIs, SIP returns, retirement corpus, and investment growth with multi-currency support. CodePackr Finance gives you a simple browser-based way to get the job done quickly, without spreadsheets or sign-ups.

Try it here: https://finance.codepackr.com/calculators

#CodePackrFinance #Finance #PersonalFinance #Calculators #MoneyManagement #Investing","Financial Calculators Suite: Calculate loans, EMIs, SIP returns, retirement corpus, and investment growth with multi-currency support. Try it free: https://finance.codepackr.com/calculators #CodePackrFinance #Finance #PersonalFinance #Calculators #MoneyManagement #Investing",274,#CodePackrFinance #Finance #PersonalFinance #Calculators #MoneyManagement #Investing,"FINANCE.CODEPACKR.COM
Financial Calculators Suite
Calculate loans, EMIs, SIP returns, retirement corpus, and investment growth with multi-currency support
FREE TOOL
Runs in your browser","Create a square 1:1 social-media promotional graphic for CodePackr Finance (finance.codepackr.com) featuring Financial Calculators Suite. Use the attached CodePackr Finance reference images only as branding inspiration, not as a copy. Clean modern fintech aesthetic, deep navy/blue background, electric blue accent, white clean typography, subtle visual elements related to Financial Calculators Suite, strong mobile readability, generous spacing, professional finance-app style. Include exactly these main text elements: FINANCE.CODEPACKR.COM, Financial Calculators Suite, Calculate loans, EMIs, SIP returns, retirement corpus, and investment growth with multi-currency support, FREE TOOL, Runs in your browser. Do not add hashtags, long paragraphs, fake statistics, fake UI, or unsupported claims. No spelling errors."
2,Financial Planning & Retirement Calculator,https://finance.codepackr.com/financial-planner,"Financial Planning & Retirement Calculator: one less financial calculation to do by hand.

Analyze retirement readiness, projected vs required corpus, corpus sustainability, and savings gap. CodePackr Finance gives you a simple browser-based way to get the job done quickly, without spreadsheets or sign-ups.

Try it here: https://finance.codepackr.com/financial-planner

#CodePackrFinance #Finance #PersonalFinance #Retirement #FinancialPlanning #FIRE #FinancialIndependence #Investing","Financial Planning & Retirement Calculator: Analyze retirement readiness, projected vs required corpus, corpus sustainability, and savings gap. Try it free: https://finance.codepackr.com/financial-planner #CodePackrFinance #Finance #PersonalFinance #Retirement #FinancialPlanning #FIRE #FinancialIndependence #Investing",319,#CodePackrFinance #Finance #PersonalFinance #Retirement #FinancialPlanning #FIRE #FinancialIndependence #Investing,"FINANCE.CODEPACKR.COM
Financial Planning & Retirement Calculator
Analyze retirement readiness, projected vs required corpus, corpus sustainability, and savings gap
FREE TOOL
Runs in your browser","Create a square 1:1 social-media promotional graphic for CodePackr Finance (finance.codepackr.com) featuring Financial Planning & Retirement Calculator. Use the attached CodePackr Finance reference images only as branding inspiration, not as a copy. Clean modern fintech aesthetic, deep navy/blue background, electric blue accent, white clean typography, subtle visual elements related to Financial Planning & Retirement Calculator, strong mobile readability, generous spacing, professional finance-app style. Include exactly these main text elements: FINANCE.CODEPACKR.COM, Financial Planning & Retirement Calculator, Analyze retirement readiness, projected vs required corpus, corpus sustainability, and savings gap, FREE TOOL, Runs in your browser. Do not add hashtags, long paragraphs, fake statistics, fake UI, or unsupported claims. No spelling errors."
3,Loan & EMI Calculator,https://finance.codepackr.com/loan-calculator,"Loan & EMI Calculator: one less financial calculation to do by hand.

Calculate monthly loan EMI payments, total interest, and full amortization schedules in your preferred currency. CodePackr Finance gives you a simple browser-based way to get the job done quickly, without spreadsheets or sign-ups.

Try it here: https://finance.codepackr.com/loan-calculator

#CodePackrFinance #Finance #PersonalFinance #Mortgage #LoanCalculator #EMI #Interest","Loan & EMI Calculator: Calculate monthly loan EMI payments, total interest, and full amortization schedules in your preferred currency. Try it free: https://finance.codepackr.com/loan-calculator #CodePackrFinance #Finance #PersonalFinance #Mortgage #LoanCalculator #EMI #Interest",279,#CodePackrFinance #Finance #PersonalFinance #Mortgage #LoanCalculator #EMI #Interest,"FINANCE.CODEPACKR.COM
Loan & EMI Calculator
Calculate monthly loan EMI payments, total interest, and full amortization schedules in your preferred currency
FREE TOOL
Runs in your browser","Create a square 1:1 social-media promotional graphic for CodePackr Finance (finance.codepackr.com) featuring Loan & EMI Calculator. Use the attached CodePackr Finance reference images only as branding inspiration, not as a copy. Clean modern fintech aesthetic, deep navy/blue background, electric blue accent, white clean typography, subtle visual elements related to Loan & EMI Calculator, strong mobile readability, generous spacing, professional finance-app style. Include exactly these main text elements: FINANCE.CODEPACKR.COM, Loan & EMI Calculator, Calculate monthly loan EMI payments, total interest, and full amortization schedules in your preferred currency, FREE TOOL, Runs in your browser. Do not add hashtags, long paragraphs, fake statistics, fake UI, or unsupported claims. No spelling errors."
4,SIP Calculator,https://finance.codepackr.com/sip-calculator,"SIP Calculator: one less financial calculation to do by hand.

Calculate future wealth and expected returns for Systematic Investment Plans and mutual funds with interactive compounding graphs. CodePackr Finance gives you a simple browser-based way to get the job done quickly, without spreadsheets or sign-ups.

Try it here: https://finance.codepackr.com/sip-calculator

#CodePackrFinance #Finance #PersonalFinance #Investing #SIPCalculator #MutualFunds #Wealth",SIP Calculator: Calculate future wealth and expected returns for Systematic Investment Plans and mutual funds with interactive compounding graphs. Try it free: https://finance.codepackr.com/sip-calculator #CodePackrFinance #Finance #PersonalFinance #Investing #SIPCalculator #MutualFunds #Wealth,295,#CodePackrFinance #Finance #PersonalFinance #Investing #SIPCalculator #MutualFunds #Wealth,"FINANCE.CODEPACKR.COM
SIP Calculator
Calculate future wealth and expected returns for Systematic Investment Plans and mutual funds with interactive compounding graphs
FREE TOOL
Runs in your browser","Create a square 1:1 social-media promotional graphic for CodePackr Finance (finance.codepackr.com) featuring SIP Calculator. Use the attached CodePackr Finance reference images only as branding inspiration, not as a copy. Clean modern fintech aesthetic, deep navy/blue background, electric blue accent, white clean typography, subtle visual elements related to SIP Calculator, strong mobile readability, generous spacing, professional finance-app style. Include exactly these main text elements: FINANCE.CODEPACKR.COM, SIP Calculator, Calculate future wealth and expected returns for Systematic Investment Plans and mutual funds with interactive compounding graphs, FREE TOOL, Runs in your browser. Do not add hashtags, long paragraphs, fake statistics, fake UI, or unsupported claims. No spelling errors."
5,Investment Calculator,https://finance.codepackr.com/investment-calculator,"Investment Calculator: one less financial calculation to do by hand.

Calculate exponential investment growth, custom deposit frequencies, compound returns, and visual balance timelines. CodePackr Finance gives you a simple browser-based way to get the job done quickly, without spreadsheets or sign-ups.

Try it here: https://finance.codepackr.com/investment-calculator

#CodePackrFinance #Finance #PersonalFinance #Investing #InvestmentCalculator #WealthBuilding #Calculators","Investment Calculator: Calculate exponential investment growth, custom deposit frequencies, compound returns, and visual balance timelines. Try it free: https://finance.codepackr.com/investment-calculator #CodePackrFinance #Finance #PersonalFinance #Investing #InvestmentCalculator #WealthBuilding #Calculators",310,#CodePackrFinance #Finance #PersonalFinance #Investing #InvestmentCalculator #WealthBuilding #Calculators,"FINANCE.CODEPACKR.COM
Investment Calculator
Calculate exponential investment growth, custom deposit frequencies, compound returns, and visual balance timelines
FREE TOOL
Runs in your browser","Create a square 1:1 social-media promotional graphic for CodePackr Finance (finance.codepackr.com) featuring Investment Calculator. Use the attached CodePackr Finance reference images only as branding inspiration, not as a copy. Clean modern fintech aesthetic, deep navy/blue background, electric blue accent, white clean typography, subtle visual elements related to Investment Calculator, strong mobile readability, generous spacing, professional finance-app style. Include exactly these main text elements: FINANCE.CODEPACKR.COM, Investment Calculator, Calculate exponential investment growth, custom deposit frequencies, compound returns, and visual balance timelines, FREE TOOL, Runs in your browser. Do not add hashtags, long paragraphs, fake statistics, fake UI, or unsupported claims. No spelling errors."
6,Simple Interest Calculator,https://finance.codepackr.com/simple-interest-calculator,"Simple Interest Calculator: one less financial calculation to do by hand.

Calculate non-compounding interest and maturity amounts on fixed deposits, personal loans, and private promissory notes. CodePackr Finance gives you a simple browser-based way to get the job done quickly, without spreadsheets or sign-ups.

Try it here: https://finance.codepackr.com/simple-interest-calculator

#CodePackrFinance #Finance #PersonalFinance #SimpleInterest #InterestCalculator #Banking #FinancialLiteracy","Simple Interest Calculator: Calculate non-compounding interest and maturity amounts on fixed deposits, personal loans, and private promissory notes. Try it free: https://finance.codepackr.com/simple-interest-calculator #CodePackrFinance #Finance #PersonalFinance #SimpleInterest #InterestCalculator #Banking #FinancialLiteracy",326,#CodePackrFinance #Finance #PersonalFinance #SimpleInterest #InterestCalculator #Banking #FinancialLiteracy,"FINANCE.CODEPACKR.COM
Simple Interest Calculator
Calculate non-compounding interest and maturity amounts on fixed deposits, personal loans, and private promissory notes
FREE TOOL
Runs in your browser","Create a square 1:1 social-media promotional graphic for CodePackr Finance (finance.codepackr.com) featuring Simple Interest Calculator. Use the attached CodePackr Finance reference images only as branding inspiration, not as a copy. Clean modern fintech aesthetic, deep navy/blue background, electric blue accent, white clean typography, subtle visual elements related to Simple Interest Calculator, strong mobile readability, generous spacing, professional finance-app style. Include exactly these main text elements: FINANCE.CODEPACKR.COM, Simple Interest Calculator, Calculate non-compounding interest and maturity amounts on fixed deposits, personal loans, and private promissory notes, FREE TOOL, Runs in your browser. Do not add hashtags, long paragraphs, fake statistics, fake UI, or unsupported claims. No spelling errors."
7,CAGR Calculator (Compound Annual Growth Rate),https://finance.codepackr.com/cagr-calculator,"CAGR Calculator (Compound Annual Growth Rate): one less financial calculation to do by hand.

Calculate compound annual growth rates, geometric mean returns, and capital multiples for portfolio evaluation. CodePackr Finance gives you a simple browser-based way to get the job done quickly, without spreadsheets or sign-ups.

Try it here: https://finance.codepackr.com/cagr-calculator

#CodePackrFinance #Finance #PersonalFinance #CAGR #PortfolioManagement #StockMarket #Investing","CAGR Calculator (Compound Annual Growth Rate): Calculate compound annual growth rates, geometric mean returns, and capital multiples for portfolio evaluation. Try it free: https://finance.codepackr.com/cagr-calculator #CodePackrFinance #Finance #PersonalFinance #CAGR #PortfolioManagement #StockMarket #Investing",312,#CodePackrFinance #Finance #PersonalFinance #CAGR #PortfolioManagement #StockMarket #Investing,"FINANCE.CODEPACKR.COM
CAGR Calculator (Compound Annual Growth Rate)
Calculate compound annual growth rates, geometric mean returns, and capital multiples for portfolio evaluation
FREE TOOL
Runs in your browser","Create a square 1:1 social-media promotional graphic for CodePackr Finance (finance.codepackr.com) featuring CAGR Calculator (Compound Annual Growth Rate). Use the attached CodePackr Finance reference images only as branding inspiration, not as a copy. Clean modern fintech aesthetic, deep navy/blue background, electric blue accent, white clean typography, subtle visual elements related to CAGR Calculator (Compound Annual Growth Rate), strong mobile readability, generous spacing, professional finance-app style. Include exactly these main text elements: FINANCE.CODEPACKR.COM, CAGR Calculator (Compound Annual Growth Rate), Calculate compound annual growth rates, geometric mean returns, and capital multiples for portfolio evaluation, FREE TOOL, Runs in your browser. Do not add hashtags, long paragraphs, fake statistics, fake UI, or unsupported claims. No spelling errors."
8,Inflation & Purchasing Power Calculator,https://finance.codepackr.com/inflation-calculator,"Inflation & Purchasing Power Calculator: one less financial calculation to do by hand.

Project future living expenses, purchasing power erosion, and rule-of-72 price doubling timelines. CodePackr Finance gives you a simple browser-based way to get the job done quickly, without spreadsheets or sign-ups.

Try it here: https://finance.codepackr.com/inflation-calculator

#CodePackrFinance #Finance #PersonalFinance #Inflation #PurchasingPower #CostOfLiving #Economics","Inflation & Purchasing Power Calculator: Project future living expenses, purchasing power erosion, and rule-of-72 price doubling timelines. Try it free: https://finance.codepackr.com/inflation-calculator #CodePackrFinance #Finance #PersonalFinance #Inflation #PurchasingPower #CostOfLiving #Economics",300,#CodePackrFinance #Finance #PersonalFinance #Inflation #PurchasingPower #CostOfLiving #Economics,"FINANCE.CODEPACKR.COM
Inflation & Purchasing Power Calculator
Project future living expenses, purchasing power erosion, and rule-of-72 price doubling timelines
FREE TOOL
Runs in your browser","Create a square 1:1 social-media promotional graphic for CodePackr Finance (finance.codepackr.com) featuring Inflation & Purchasing Power Calculator. Use the attached CodePackr Finance reference images only as branding inspiration, not as a copy. Clean modern fintech aesthetic, deep navy/blue background, electric blue accent, white clean typography, subtle visual elements related to Inflation & Purchasing Power Calculator, strong mobile readability, generous spacing, professional finance-app style. Include exactly these main text elements: FINANCE.CODEPACKR.COM, Inflation & Purchasing Power Calculator, Project future living expenses, purchasing power erosion, and rule-of-72 price doubling timelines, FREE TOOL, Runs in your browser. Do not add hashtags, long paragraphs, fake statistics, fake UI, or unsupported claims. No spelling errors."
9,Emergency Fund Calculator,https://finance.codepackr.com/emergency-fund-calculator,"Emergency Fund Calculator: one less financial calculation to do by hand.

Determine your safety buffer based on essential monthly expenses, shortfall gaps, and time to full funding. CodePackr Finance gives you a simple browser-based way to get the job done quickly, without spreadsheets or sign-ups.

Try it here: https://finance.codepackr.com/emergency-fund-calculator

#CodePackrFinance #Finance #PersonalFinance #EmergencyFund #SafetyNet #Savings","Emergency Fund Calculator: Determine your safety buffer based on essential monthly expenses, shortfall gaps, and time to full funding. Try it free: https://finance.codepackr.com/emergency-fund-calculator #CodePackrFinance #Finance #PersonalFinance #EmergencyFund #SafetyNet #Savings",282,#CodePackrFinance #Finance #PersonalFinance #EmergencyFund #SafetyNet #Savings,"FINANCE.CODEPACKR.COM
Emergency Fund Calculator
Determine your safety buffer based on essential monthly expenses, shortfall gaps, and time to full funding
FREE TOOL
Runs in your browser","Create a square 1:1 social-media promotional graphic for CodePackr Finance (finance.codepackr.com) featuring Emergency Fund Calculator. Use the attached CodePackr Finance reference images only as branding inspiration, not as a copy. Clean modern fintech aesthetic, deep navy/blue background, electric blue accent, white clean typography, subtle visual elements related to Emergency Fund Calculator, strong mobile readability, generous spacing, professional finance-app style. Include exactly these main text elements: FINANCE.CODEPACKR.COM, Emergency Fund Calculator, Determine your safety buffer based on essential monthly expenses, shortfall gaps, and time to full funding, FREE TOOL, Runs in your browser. Do not add hashtags, long paragraphs, fake statistics, fake UI, or unsupported claims. No spelling errors."
10,Net Worth Calculator,https://finance.codepackr.com/net-worth-calculator,"Net Worth Calculator: one less financial calculation to do by hand.

Audit personal balance sheets across assets and liabilities with 100% client-side privacy and solvency scoring. CodePackr Finance gives you a simple browser-based way to get the job done quickly, without spreadsheets or sign-ups.

Try it here: https://finance.codepackr.com/net-worth-calculator

#CodePackrFinance #Finance #PersonalFinance #NetWorth #WealthAudit #BalanceSheet",Net Worth Calculator: Audit personal balance sheets across assets and liabilities with 100% client-side privacy and solvency scoring. Try it free: https://finance.codepackr.com/net-worth-calculator #CodePackrFinance #Finance #PersonalFinance #NetWorth #WealthAudit #BalanceSheet,278,#CodePackrFinance #Finance #PersonalFinance #NetWorth #WealthAudit #BalanceSheet,"FINANCE.CODEPACKR.COM
Net Worth Calculator
Audit personal balance sheets across assets and liabilities with 100% client-side privacy and solvency scoring
FREE TOOL
Runs in your browser","Create a square 1:1 social-media promotional graphic for CodePackr Finance (finance.codepackr.com) featuring Net Worth Calculator. Use the attached CodePackr Finance reference images only as branding inspiration, not as a copy. Clean modern fintech aesthetic, deep navy/blue background, electric blue accent, white clean typography, subtle visual elements related to Net Worth Calculator, strong mobile readability, generous spacing, professional finance-app style. Include exactly these main text elements: FINANCE.CODEPACKR.COM, Net Worth Calculator, Audit personal balance sheets across assets and liabilities with 100% client-side privacy and solvency scoring, FREE TOOL, Runs in your browser. Do not add hashtags, long paragraphs, fake statistics, fake UI, or unsupported claims. No spelling errors."
11,ROI Calculator (Return on Investment),https://finance.codepackr.com/roi-calculator,"ROI Calculator (Return on Investment): one less financial calculation to do by hand.

Calculate net ROI, annualized holding period returns, and capital multiples after fees and initial outlays. CodePackr Finance gives you a simple browser-based way to get the job done quickly, without spreadsheets or sign-ups.

Try it here: https://finance.codepackr.com/roi-calculator

#CodePackrFinance #Finance #PersonalFinance #ROI #ReturnOnInvestment #BusinessFinance #Investing","ROI Calculator (Return on Investment): Calculate net ROI, annualized holding period returns, and capital multiples after fees and initial outlays. Try it free: https://finance.codepackr.com/roi-calculator #CodePackrFinance #Finance #PersonalFinance #ROI #ReturnOnInvestment #BusinessFinance #Investing",301,#CodePackrFinance #Finance #PersonalFinance #ROI #ReturnOnInvestment #BusinessFinance #Investing,"FINANCE.CODEPACKR.COM
ROI Calculator (Return on Investment)
Calculate net ROI, annualized holding period returns, and capital multiples after fees and initial outlays
FREE TOOL
Runs in your browser","Create a square 1:1 social-media promotional graphic for CodePackr Finance (finance.codepackr.com) featuring ROI Calculator (Return on Investment). Use the attached CodePackr Finance reference images only as branding inspiration, not as a copy. Clean modern fintech aesthetic, deep navy/blue background, electric blue accent, white clean typography, subtle visual elements related to ROI Calculator (Return on Investment), strong mobile readability, generous spacing, professional finance-app style. Include exactly these main text elements: FINANCE.CODEPACKR.COM, ROI Calculator (Return on Investment), Calculate net ROI, annualized holding period returns, and capital multiples after fees and initial outlays, FREE TOOL, Runs in your browser. Do not add hashtags, long paragraphs, fake statistics, fake UI, or unsupported claims. No spelling errors."
12,FIRE Calculator (Financial Independence),https://finance.codepackr.com/fire-calculator,"FIRE Calculator (Financial Independence): one less financial calculation to do by hand.

Compute Standard, Lean, Fat, and Coast FIRE targets, safe withdrawal rates, and your timeline to financial independence. CodePackr Finance gives you a simple browser-based way to get the job done quickly, without spreadsheets or sign-ups.

Try it here: https://finance.codepackr.com/fire-calculator

#CodePackrFinance #Finance #PersonalFinance #FIRE #FinancialIndependence #RetireEarly #Wealth","FIRE Calculator (Financial Independence): Compute Standard, Lean, Fat, and Coast FIRE targets, safe withdrawal rates, and your timeline to financial independence. Try it free: https://finance.codepackr.com/fire-calculator #CodePackrFinance #Finance #PersonalFinance #FIRE #FinancialIndependence #RetireEarly #Wealth",315,#CodePackrFinance #Finance #PersonalFinance #FIRE #FinancialIndependence #RetireEarly #Wealth,"FINANCE.CODEPACKR.COM
FIRE Calculator (Financial Independence)
Compute Standard, Lean, Fat, and Coast FIRE targets, safe withdrawal rates, and your timeline to financial independence
FREE TOOL
Runs in your browser","Create a square 1:1 social-media promotional graphic for CodePackr Finance (finance.codepackr.com) featuring FIRE Calculator (Financial Independence). Use the attached CodePackr Finance reference images only as branding inspiration, not as a copy. Clean modern fintech aesthetic, deep navy/blue background, electric blue accent, white clean typography, subtle visual elements related to FIRE Calculator (Financial Independence), strong mobile readability, generous spacing, professional finance-app style. Include exactly these main text elements: FINANCE.CODEPACKR.COM, FIRE Calculator (Financial Independence), Compute Standard, Lean, Fat, and Coast FIRE targets, safe withdrawal rates, and your timeline to financial independence, FREE TOOL, Runs in your browser. Do not add hashtags, long paragraphs, fake statistics, fake UI, or unsupported claims. No spelling errors."
13,Income Tax Calculator,https://finance.codepackr.com/income-tax-calculator,"Income Tax Calculator: one less financial calculation to do by hand.

Compare New vs Old tax regimes with standard deduction, Section 87A rebate, and slab breakdowns. CodePackr Finance gives you a simple browser-based way to get the job done quickly, without spreadsheets or sign-ups.

Try it here: https://finance.codepackr.com/income-tax-calculator

#CodePackrFinance #Finance #PersonalFinance #IncomeTax #TaxPlanning #IndiaTax #TaxCalculator","Income Tax Calculator: Compare New vs Old tax regimes with standard deduction, Section 87A rebate, and slab breakdowns. Try it free: https://finance.codepackr.com/income-tax-calculator #CodePackrFinance #Finance #PersonalFinance #IncomeTax #TaxPlanning #IndiaTax #TaxCalculator",277,#CodePackrFinance #Finance #PersonalFinance #IncomeTax #TaxPlanning #IndiaTax #TaxCalculator,"FINANCE.CODEPACKR.COM
Income Tax Calculator
Compare New vs Old tax regimes with standard deduction, Section 87A rebate, and slab breakdowns
FREE TOOL
Runs in your browser","Create a square 1:1 social-media promotional graphic for CodePackr Finance (finance.codepackr.com) featuring Income Tax Calculator. Use the attached CodePackr Finance reference images only as branding inspiration, not as a copy. Clean modern fintech aesthetic, deep navy/blue background, electric blue accent, white clean typography, subtle visual elements related to Income Tax Calculator, strong mobile readability, generous spacing, professional finance-app style. Include exactly these main text elements: FINANCE.CODEPACKR.COM, Income Tax Calculator, Compare New vs Old tax regimes with standard deduction, Section 87A rebate, and slab breakdowns, FREE TOOL, Runs in your browser. Do not add hashtags, long paragraphs, fake statistics, fake UI, or unsupported claims. No spelling errors."
14,CTC to In-Hand Salary Calculator,https://finance.codepackr.com/ctc-to-in-hand-calculator,"CTC to In-Hand Salary Calculator: one less financial calculation to do by hand.

Convert annual CTC into monthly take-home pay, accounting for EPF, Gratuity, Professional Tax, and TDS. CodePackr Finance gives you a simple browser-based way to get the job done quickly, without spreadsheets or sign-ups.

Try it here: https://finance.codepackr.com/ctc-to-in-hand-calculator

#CodePackrFinance #Finance #PersonalFinance #SalaryCalculator #InHandSalary #CTCtoInHand #Career","CTC to In-Hand Salary Calculator: Convert annual CTC into monthly take-home pay, accounting for EPF, Gratuity, Professional Tax, and TDS. Try it free: https://finance.codepackr.com/ctc-to-in-hand-calculator #CodePackrFinance #Finance #PersonalFinance #SalaryCalculator #InHandSalary #CTCtoInHand #Career",303,#CodePackrFinance #Finance #PersonalFinance #SalaryCalculator #InHandSalary #CTCtoInHand #Career,"FINANCE.CODEPACKR.COM
CTC to In-Hand Salary Calculator
Convert annual CTC into monthly take-home pay, accounting for EPF, Gratuity, Professional Tax, and TDS
FREE TOOL
Runs in your browser","Create a square 1:1 social-media promotional graphic for CodePackr Finance (finance.codepackr.com) featuring CTC to In-Hand Salary Calculator. Use the attached CodePackr Finance reference images only as branding inspiration, not as a copy. Clean modern fintech aesthetic, deep navy/blue background, electric blue accent, white clean typography, subtle visual elements related to CTC to In-Hand Salary Calculator, strong mobile readability, generous spacing, professional finance-app style. Include exactly these main text elements: FINANCE.CODEPACKR.COM, CTC to In-Hand Salary Calculator, Convert annual CTC into monthly take-home pay, accounting for EPF, Gratuity, Professional Tax, and TDS, FREE TOOL, Runs in your browser. Do not add hashtags, long paragraphs, fake statistics, fake UI, or unsupported claims. No spelling errors."
15,Debt-to-Income (DTI) Calculator,https://finance.codepackr.com/debt-to-income-calculator,"Debt-to-Income (DTI) Calculator: one less financial calculation to do by hand.

Analyze front-end and back-end debt-to-income ratios with institutional lending thresholds and mortgage qualification buffers. CodePackr Finance gives you a simple browser-based way to get the job done quickly, without spreadsheets or sign-ups.

Try it here: https://finance.codepackr.com/debt-to-income-calculator

#CodePackrFinance #Finance #PersonalFinance #DTI #MortgageApproval #DebtManagement #CreditHealth",Debt-to-Income (DTI) Calculator: Analyze front-end and back-end debt-to-income ratios with institutional lending thresholds and mortgage qualification buffers. Try it free: https://finance.codepackr.com/debt-to-income-calculator #CodePackrFinance #Finance #PersonalFinance #DTI #MortgageApproval #DebtManagement #CreditHealth,325,#CodePackrFinance #Finance #PersonalFinance #DTI #MortgageApproval #DebtManagement #CreditHealth,"FINANCE.CODEPACKR.COM
Debt-to-Income (DTI) Calculator
Analyze front-end and back-end debt-to-income ratios with institutional lending thresholds and mortgage qualification buffers
FREE TOOL
Runs in your browser","Create a square 1:1 social-media promotional graphic for CodePackr Finance (finance.codepackr.com) featuring Debt-to-Income (DTI) Calculator. Use the attached CodePackr Finance reference images only as branding inspiration, not as a copy. Clean modern fintech aesthetic, deep navy/blue background, electric blue accent, white clean typography, subtle visual elements related to Debt-to-Income (DTI) Calculator, strong mobile readability, generous spacing, professional finance-app style. Include exactly these main text elements: FINANCE.CODEPACKR.COM, Debt-to-Income (DTI) Calculator, Analyze front-end and back-end debt-to-income ratios with institutional lending thresholds and mortgage qualification buffers, FREE TOOL, Runs in your browser. Do not add hashtags, long paragraphs, fake statistics, fake UI, or unsupported claims. No spelling errors."
16,Loan Prepayment & Early Payoff Calculator,https://finance.codepackr.com/loan-prepayment-calculator,"Loan Prepayment & Early Payoff Calculator: one less financial calculation to do by hand.

Calculate interest saved and loan tenure reduced through extra monthly, annual, or one-time lump-sum prepayments. CodePackr Finance gives you a simple browser-based way to get the job done quickly, without spreadsheets or sign-ups.

Try it here: https://finance.codepackr.com/loan-prepayment-calculator

#CodePackrFinance #Finance #PersonalFinance #LoanPrepayment #MortgagePayoff #DebtFree #InterestSavings","Loan Prepayment & Early Payoff Calculator: Calculate interest saved and loan tenure reduced through extra monthly, annual, or one-time lump-sum prepayments. Try it free: https://finance.codepackr.com/loan-prepayment-calculator #CodePackrFinance #Finance #PersonalFinance #LoanPrepayment #MortgagePayoff #DebtFree #InterestSavings",329,#CodePackrFinance #Finance #PersonalFinance #LoanPrepayment #MortgagePayoff #DebtFree #InterestSavings,"FINANCE.CODEPACKR.COM
Loan Prepayment & Early Payoff Calculator
Calculate interest saved and loan tenure reduced through extra monthly, annual, or one-time lump-sum prepayments
FREE TOOL
Runs in your browser","Create a square 1:1 social-media promotional graphic for CodePackr Finance (finance.codepackr.com) featuring Loan Prepayment & Early Payoff Calculator. Use the attached CodePackr Finance reference images only as branding inspiration, not as a copy. Clean modern fintech aesthetic, deep navy/blue background, electric blue accent, white clean typography, subtle visual elements related to Loan Prepayment & Early Payoff Calculator, strong mobile readability, generous spacing, professional finance-app style. Include exactly these main text elements: FINANCE.CODEPACKR.COM, Loan Prepayment & Early Payoff Calculator, Calculate interest saved and loan tenure reduced through extra monthly, annual, or one-time lump-sum prepayments, FREE TOOL, Runs in your browser. Do not add hashtags, long paragraphs, fake statistics, fake UI, or unsupported claims. No spelling errors."
17,Loan Amortization Schedule Calculator,https://finance.codepackr.com/loan-amortization-calculator,"Loan Amortization Schedule Calculator: one less financial calculation to do by hand.

Generate annual and monthly principal-interest breakdown tables with cumulative debt tracking and CSV export. CodePackr Finance gives you a simple browser-based way to get the job done quickly, without spreadsheets or sign-ups.

Try it here: https://finance.codepackr.com/loan-amortization-calculator

#CodePackrFinance #Finance #PersonalFinance #Amortization #LoanSchedule #EMIBreakdown #Mortgage",Loan Amortization Schedule Calculator: Generate annual and monthly principal-interest breakdown tables with cumulative debt tracking and CSV export. Try it free: https://finance.codepackr.com/loan-amortization-calculator #CodePackrFinance #Finance #PersonalFinance #Amortization #LoanSchedule #EMIBreakdown #Mortgage,316,#CodePackrFinance #Finance #PersonalFinance #Amortization #LoanSchedule #EMIBreakdown #Mortgage,"FINANCE.CODEPACKR.COM
Loan Amortization Schedule Calculator
Generate annual and monthly principal-interest breakdown tables with cumulative debt tracking and CSV export
FREE TOOL
Runs in your browser","Create a square 1:1 social-media promotional graphic for CodePackr Finance (finance.codepackr.com) featuring Loan Amortization Schedule Calculator. Use the attached CodePackr Finance reference images only as branding inspiration, not as a copy. Clean modern fintech aesthetic, deep navy/blue background, electric blue accent, white clean typography, subtle visual elements related to Loan Amortization Schedule Calculator, strong mobile readability, generous spacing, professional finance-app style. Include exactly these main text elements: FINANCE.CODEPACKR.COM, Loan Amortization Schedule Calculator, Generate annual and monthly principal-interest breakdown tables with cumulative debt tracking and CSV export, FREE TOOL, Runs in your browser. Do not add hashtags, long paragraphs, fake statistics, fake UI, or unsupported claims. No spelling errors."
18,Lumpsum Investment Calculator,https://finance.codepackr.com/lumpsum-calculator,"Lumpsum Investment Calculator: one less financial calculation to do by hand.

Estimate mutual fund wealth accumulation, compound returns, and inflation-adjusted real purchasing power. CodePackr Finance gives you a simple browser-based way to get the job done quickly, without spreadsheets or sign-ups.

Try it here: https://finance.codepackr.com/lumpsum-calculator

#CodePackrFinance #Finance #PersonalFinance #Lumpsum #MutualFunds #CompoundInterest #Investing","Lumpsum Investment Calculator: Estimate mutual fund wealth accumulation, compound returns, and inflation-adjusted real purchasing power. Try it free: https://finance.codepackr.com/lumpsum-calculator #CodePackrFinance #Finance #PersonalFinance #Lumpsum #MutualFunds #CompoundInterest #Investing",293,#CodePackrFinance #Finance #PersonalFinance #Lumpsum #MutualFunds #CompoundInterest #Investing,"FINANCE.CODEPACKR.COM
Lumpsum Investment Calculator
Estimate mutual fund wealth accumulation, compound returns, and inflation-adjusted real purchasing power
FREE TOOL
Runs in your browser","Create a square 1:1 social-media promotional graphic for CodePackr Finance (finance.codepackr.com) featuring Lumpsum Investment Calculator. Use the attached CodePackr Finance reference images only as branding inspiration, not as a copy. Clean modern fintech aesthetic, deep navy/blue background, electric blue accent, white clean typography, subtle visual elements related to Lumpsum Investment Calculator, strong mobile readability, generous spacing, professional finance-app style. Include exactly these main text elements: FINANCE.CODEPACKR.COM, Lumpsum Investment Calculator, Estimate mutual fund wealth accumulation, compound returns, and inflation-adjusted real purchasing power, FREE TOOL, Runs in your browser. Do not add hashtags, long paragraphs, fake statistics, fake UI, or unsupported claims. No spelling errors."
19,Future Value (TVM) Calculator,https://finance.codepackr.com/future-value-calculator,"Future Value (TVM) Calculator: one less financial calculation to do by hand.

Model time value of money with periodic deposits, discrete compounding frequencies, and annuity growth projections. CodePackr Finance gives you a simple browser-based way to get the job done quickly, without spreadsheets or sign-ups.

Try it here: https://finance.codepackr.com/future-value-calculator

#CodePackrFinance #Finance #PersonalFinance #FutureValue #TVM #CompoundInterest #WealthBuilding","Future Value (TVM) Calculator: Model time value of money with periodic deposits, discrete compounding frequencies, and annuity growth projections. Try it free: https://finance.codepackr.com/future-value-calculator #CodePackrFinance #Finance #PersonalFinance #FutureValue #TVM #CompoundInterest #WealthBuilding",309,#CodePackrFinance #Finance #PersonalFinance #FutureValue #TVM #CompoundInterest #WealthBuilding,"FINANCE.CODEPACKR.COM
Future Value (TVM) Calculator
Model time value of money with periodic deposits, discrete compounding frequencies, and annuity growth projections
FREE TOOL
Runs in your browser","Create a square 1:1 social-media promotional graphic for CodePackr Finance (finance.codepackr.com) featuring Future Value (TVM) Calculator. Use the attached CodePackr Finance reference images only as branding inspiration, not as a copy. Clean modern fintech aesthetic, deep navy/blue background, electric blue accent, white clean typography, subtle visual elements related to Future Value (TVM) Calculator, strong mobile readability, generous spacing, professional finance-app style. Include exactly these main text elements: FINANCE.CODEPACKR.COM, Future Value (TVM) Calculator, Model time value of money with periodic deposits, discrete compounding frequencies, and annuity growth projections, FREE TOOL, Runs in your browser. Do not add hashtags, long paragraphs, fake statistics, fake UI, or unsupported claims. No spelling errors."
20,Savings Goal Calculator,https://finance.codepackr.com/savings-goal-calculator,"Savings Goal Calculator: one less financial calculation to do by hand.

Calculate required monthly savings to achieve target milestones, initial seed contributions, and compound interest boosts. CodePackr Finance gives you a simple browser-based way to get the job done quickly, without spreadsheets or sign-ups.

Try it here: https://finance.codepackr.com/savings-goal-calculator

#CodePackrFinance #Finance #PersonalFinance #SavingsGoal #FinancialMilestones #MoneyGoals #Budgeting","Savings Goal Calculator: Calculate required monthly savings to achieve target milestones, initial seed contributions, and compound interest boosts. Try it free: https://finance.codepackr.com/savings-goal-calculator #CodePackrFinance #Finance #PersonalFinance #SavingsGoal #FinancialMilestones #MoneyGoals #Budgeting",315,#CodePackrFinance #Finance #PersonalFinance #SavingsGoal #FinancialMilestones #MoneyGoals #Budgeting,"FINANCE.CODEPACKR.COM
Savings Goal Calculator
Calculate required monthly savings to achieve target milestones, initial seed contributions, and compound interest boosts
FREE TOOL
Runs in your browser","Create a square 1:1 social-media promotional graphic for CodePackr Finance (finance.codepackr.com) featuring Savings Goal Calculator. Use the attached CodePackr Finance reference images only as branding inspiration, not as a copy. Clean modern fintech aesthetic, deep navy/blue background, electric blue accent, white clean typography, subtle visual elements related to Savings Goal Calculator, strong mobile readability, generous spacing, professional finance-app style. Include exactly these main text elements: FINANCE.CODEPACKR.COM, Savings Goal Calculator, Calculate required monthly savings to achieve target milestones, initial seed contributions, and compound interest boosts, FREE TOOL, Runs in your browser. Do not add hashtags, long paragraphs, fake statistics, fake UI, or unsupported claims. No spelling errors."
21,Salary Hike & Increment Calculator,https://finance.codepackr.com/salary-hike-calculator,"Salary Hike & Increment Calculator: one less financial calculation to do by hand.

Compute absolute pay raises, monthly take-home gains, inflation-adjusted real increments, and market appraisal ratings. CodePackr Finance gives you a simple browser-based way to get the job done quickly, without spreadsheets or sign-ups.

Try it here: https://finance.codepackr.com/salary-hike-calculator

#CodePackrFinance #Finance #PersonalFinance #SalaryHike #Appraisal #Compensation #CareerGrowth","Salary Hike & Increment Calculator: Compute absolute pay raises, monthly take-home gains, inflation-adjusted real increments, and market appraisal ratings. Try it free: https://finance.codepackr.com/salary-hike-calculator #CodePackrFinance #Finance #PersonalFinance #SalaryHike #Appraisal #Compensation #CareerGrowth",316,#CodePackrFinance #Finance #PersonalFinance #SalaryHike #Appraisal #Compensation #CareerGrowth,"FINANCE.CODEPACKR.COM
Salary Hike & Increment Calculator
Compute absolute pay raises, monthly take-home gains, inflation-adjusted real increments, and market appraisal ratings
FREE TOOL
Runs in your browser","Create a square 1:1 social-media promotional graphic for CodePackr Finance (finance.codepackr.com) featuring Salary Hike & Increment Calculator. Use the attached CodePackr Finance reference images only as branding inspiration, not as a copy. Clean modern fintech aesthetic, deep navy/blue background, electric blue accent, white clean typography, subtle visual elements related to Salary Hike & Increment Calculator, strong mobile readability, generous spacing, professional finance-app style. Include exactly these main text elements: FINANCE.CODEPACKR.COM, Salary Hike & Increment Calculator, Compute absolute pay raises, monthly take-home gains, inflation-adjusted real increments, and market appraisal ratings, FREE TOOL, Runs in your browser. Do not add hashtags, long paragraphs, fake statistics, fake UI, or unsupported claims. No spelling errors."
22,Gratuity Calculator (India 1972 Act),https://finance.codepackr.com/gratuity-calculator,"Gratuity Calculator (India 1972 Act): one less financial calculation to do by hand.

Calculate statutory retirement gratuity, 15/26 days service formulas, and Section 10(10) ₹20 Lakh tax exemptions. CodePackr Finance gives you a simple browser-based way to get the job done quickly, without spreadsheets or sign-ups.

Try it here: https://finance.codepackr.com/gratuity-calculator

#CodePackrFinance #Finance #PersonalFinance #Gratuity #EmployeeBenefits #IndiaTax #RetirementPlanning","Gratuity Calculator (India 1972 Act): Calculate statutory retirement gratuity, 15/26 days service formulas, and Section 10(10) ₹20 Lakh tax exemptions. Try it free: https://finance.codepackr.com/gratuity-calculator #CodePackrFinance #Finance #PersonalFinance #Gratuity #EmployeeBenefits #IndiaTax #RetirementPlanning",316,#CodePackrFinance #Finance #PersonalFinance #Gratuity #EmployeeBenefits #IndiaTax #RetirementPlanning,"FINANCE.CODEPACKR.COM
Gratuity Calculator (India 1972 Act)
Calculate statutory retirement gratuity, 15/26 days service formulas, and Section 10(10) ₹20 Lakh tax exemptions
FREE TOOL
Runs in your browser","Create a square 1:1 social-media promotional graphic for CodePackr Finance (finance.codepackr.com) featuring Gratuity Calculator (India 1972 Act). Use the attached CodePackr Finance reference images only as branding inspiration, not as a copy. Clean modern fintech aesthetic, deep navy/blue background, electric blue accent, white clean typography, subtle visual elements related to Gratuity Calculator (India 1972 Act), strong mobile readability, generous spacing, professional finance-app style. Include exactly these main text elements: FINANCE.CODEPACKR.COM, Gratuity Calculator (India 1972 Act), Calculate statutory retirement gratuity, 15/26 days service formulas, and Section 10(10) ₹20 Lakh tax exemptions, FREE TOOL, Runs in your browser. Do not add hashtags, long paragraphs, fake statistics, fake UI, or unsupported claims. No spelling errors."
23,Loans & Debt Calculators,https://finance.codepackr.com/loans,"Loans & Debt Calculators: one less financial calculation to do by hand.

Free loan, mortgage, and EMI calculators with prepayment schedules, extra principal payoff, and interest breakdowns.. CodePackr Finance gives you a simple browser-based way to get the job done quickly, without spreadsheets or sign-ups.

Try it here: https://finance.codepackr.com/loans

#CodePackrFinance #Finance #PersonalFinance #LoansDebtCalculators #Loans","Loans & Debt Calculators: Free loan, mortgage, and EMI calculators with prepayment schedules, extra principal payoff, and interest breakdowns.. Try it free: https://finance.codepackr.com/loans #CodePackrFinance #Finance #PersonalFinance #LoansDebtCalculators #Loans",265,#CodePackrFinance #Finance #PersonalFinance #LoansDebtCalculators #Loans,"FINANCE.CODEPACKR.COM
Loans & Debt Calculators
Free loan, mortgage, and EMI calculators with prepayment schedules, extra principal payoff, and interest breakdowns.
FREE TOOL
Runs in your browser","Create a square 1:1 social-media promotional graphic for CodePackr Finance (finance.codepackr.com) featuring Loans & Debt Calculators. Use the attached CodePackr Finance reference images only as branding inspiration, not as a copy. Clean modern fintech aesthetic, deep navy/blue background, electric blue accent, white clean typography, subtle visual elements related to Loans & Debt Calculators, strong mobile readability, generous spacing, professional finance-app style. Include exactly these main text elements: FINANCE.CODEPACKR.COM, Loans & Debt Calculators, Free loan, mortgage, and EMI calculators with prepayment schedules, extra principal payoff, and interest breakdowns., FREE TOOL, Runs in your browser. Do not add hashtags, long paragraphs, fake statistics, fake UI, or unsupported claims. No spelling errors."
24,Investment & Return Calculators,https://finance.codepackr.com/investments,"Investment & Return Calculators: one less financial calculation to do by hand.

Calculate compound interest, SIP wealth creation, CAGR growth rates, and simple interest maturities with transparent formulas.. CodePackr Finance gives you a simple browser-based way to get the job done quickly, without spreadsheets or sign-ups.

Try it here: https://finance.codepackr.com/investments

#CodePackrFinance #Finance #PersonalFinance #InvestmentReturnCalculators #Investments","Investment & Return Calculators: Calculate compound interest, SIP wealth creation, CAGR growth rates, and simple interest maturities with transparent formulas.. Try it free: https://finance.codepackr.com/investments #CodePackrFinance #Finance #PersonalFinance #InvestmentReturnCalculators #Investments",301,#CodePackrFinance #Finance #PersonalFinance #InvestmentReturnCalculators #Investments,"FINANCE.CODEPACKR.COM
Investment & Return Calculators
Calculate compound interest, SIP wealth creation, CAGR growth rates, and simple interest maturities with transparent formulas.
FREE TOOL
Runs in your browser","Create a square 1:1 social-media promotional graphic for CodePackr Finance (finance.codepackr.com) featuring Investment & Return Calculators. Use the attached CodePackr Finance reference images only as branding inspiration, not as a copy. Clean modern fintech aesthetic, deep navy/blue background, electric blue accent, white clean typography, subtle visual elements related to Investment & Return Calculators, strong mobile readability, generous spacing, professional finance-app style. Include exactly these main text elements: FINANCE.CODEPACKR.COM, Investment & Return Calculators, Calculate compound interest, SIP wealth creation, CAGR growth rates, and simple interest maturities with transparent formulas., FREE TOOL, Runs in your browser. Do not add hashtags, long paragraphs, fake statistics, fake UI, or unsupported claims. No spelling errors."
25,Tax Planning Calculators,https://finance.codepackr.com/tax,"Tax Planning Calculators: one less financial calculation to do by hand.

Estimate income tax liabilities, compare New vs Old tax regimes, and calculate standard deductions and 87A rebates.. CodePackr Finance gives you a simple browser-based way to get the job done quickly, without spreadsheets or sign-ups.

Try it here: https://finance.codepackr.com/tax

#CodePackrFinance #Finance #PersonalFinance #TaxPlanningCalculators #Tax","Tax Planning Calculators: Estimate income tax liabilities, compare New vs Old tax regimes, and calculate standard deductions and 87A rebates.. Try it free: https://finance.codepackr.com/tax #CodePackrFinance #Finance #PersonalFinance #TaxPlanningCalculators #Tax",262,#CodePackrFinance #Finance #PersonalFinance #TaxPlanningCalculators #Tax,"FINANCE.CODEPACKR.COM
Tax Planning Calculators
Estimate income tax liabilities, compare New vs Old tax regimes, and calculate standard deductions and 87A rebates.
FREE TOOL
Runs in your browser","Create a square 1:1 social-media promotional graphic for CodePackr Finance (finance.codepackr.com) featuring Tax Planning Calculators. Use the attached CodePackr Finance reference images only as branding inspiration, not as a copy. Clean modern fintech aesthetic, deep navy/blue background, electric blue accent, white clean typography, subtle visual elements related to Tax Planning Calculators, strong mobile readability, generous spacing, professional finance-app style. Include exactly these main text elements: FINANCE.CODEPACKR.COM, Tax Planning Calculators, Estimate income tax liabilities, compare New vs Old tax regimes, and calculate standard deductions and 87A rebates., FREE TOOL, Runs in your browser. Do not add hashtags, long paragraphs, fake statistics, fake UI, or unsupported claims. No spelling errors."
26,Salary & In-Hand Calculators,https://finance.codepackr.com/salary,"Salary & In-Hand Calculators: one less financial calculation to do by hand.

Convert annual CTC to monthly in-hand take-home salary, accounting for EPF, Gratuity, Professional Tax, and TDS.. CodePackr Finance gives you a simple browser-based way to get the job done quickly, without spreadsheets or sign-ups.

Try it here: https://finance.codepackr.com/salary

#CodePackrFinance #Finance #PersonalFinance #SalaryInHandCalculators #Salary","Salary & In-Hand Calculators: Convert annual CTC to monthly in-hand take-home salary, accounting for EPF, Gratuity, Professional Tax, and TDS.. Try it free: https://finance.codepackr.com/salary #CodePackrFinance #Finance #PersonalFinance #SalaryInHandCalculators #Salary",270,#CodePackrFinance #Finance #PersonalFinance #SalaryInHandCalculators #Salary,"FINANCE.CODEPACKR.COM
Salary & In-Hand Calculators
Convert annual CTC to monthly in-hand take-home salary, accounting for EPF, Gratuity, Professional Tax, and TDS.
FREE TOOL
Runs in your browser","Create a square 1:1 social-media promotional graphic for CodePackr Finance (finance.codepackr.com) featuring Salary & In-Hand Calculators. Use the attached CodePackr Finance reference images only as branding inspiration, not as a copy. Clean modern fintech aesthetic, deep navy/blue background, electric blue accent, white clean typography, subtle visual elements related to Salary & In-Hand Calculators, strong mobile readability, generous spacing, professional finance-app style. Include exactly these main text elements: FINANCE.CODEPACKR.COM, Salary & In-Hand Calculators, Convert annual CTC to monthly in-hand take-home salary, accounting for EPF, Gratuity, Professional Tax, and TDS., FREE TOOL, Runs in your browser. Do not add hashtags, long paragraphs, fake statistics, fake UI, or unsupported claims. No spelling errors."
27,Retirement & FIRE Calculators,https://finance.codepackr.com/retirement,"Retirement & FIRE Calculators: one less financial calculation to do by hand.

Model retirement corpus requirements, FIRE milestone timelines (Lean, Fat, Coast), and sustainable safe withdrawal rates.. CodePackr Finance gives you a simple browser-based way to get the job done quickly, without spreadsheets or sign-ups.

Try it here: https://finance.codepackr.com/retirement

#CodePackrFinance #Finance #PersonalFinance #RetirementFIRECalculators #Retirement","Retirement & FIRE Calculators: Model retirement corpus requirements, FIRE milestone timelines (Lean, Fat, Coast), and sustainable safe withdrawal rates.. Try it free: https://finance.codepackr.com/retirement #CodePackrFinance #Finance #PersonalFinance #RetirementFIRECalculators #Retirement",290,#CodePackrFinance #Finance #PersonalFinance #RetirementFIRECalculators #Retirement,"FINANCE.CODEPACKR.COM
Retirement & FIRE Calculators
Model retirement corpus requirements, FIRE milestone timelines (Lean, Fat, Coast), and sustainable safe withdrawal rates.
FREE TOOL
Runs in your browser","Create a square 1:1 social-media promotional graphic for CodePackr Finance (finance.codepackr.com) featuring Retirement & FIRE Calculators. Use the attached CodePackr Finance reference images only as branding inspiration, not as a copy. Clean modern fintech aesthetic, deep navy/blue background, electric blue accent, white clean typography, subtle visual elements related to Retirement & FIRE Calculators, strong mobile readability, generous spacing, professional finance-app style. Include exactly these main text elements: FINANCE.CODEPACKR.COM, Retirement & FIRE Calculators, Model retirement corpus requirements, FIRE milestone timelines (Lean, Fat, Coast), and sustainable safe withdrawal rates., FREE TOOL, Runs in your browser. Do not add hashtags, long paragraphs, fake statistics, fake UI, or unsupported claims. No spelling errors."
28,Personal Finance Calculators,https://finance.codepackr.com/personal-finance,"Personal Finance Calculators: one less financial calculation to do by hand.

Emergency fund calculators, net worth audits, and inflation purchasing power erosion projections.. CodePackr Finance gives you a simple browser-based way to get the job done quickly, without spreadsheets or sign-ups.

Try it here: https://finance.codepackr.com/personal-finance

#CodePackrFinance #Finance #PersonalFinance #PersonalFinanceCalculators #Personal-finance","Personal Finance Calculators: Emergency fund calculators, net worth audits, and inflation purchasing power erosion projections.. Try it free: https://finance.codepackr.com/personal-finance #CodePackrFinance #Finance #PersonalFinance #PersonalFinanceCalculators #Personal-finance",278,#CodePackrFinance #Finance #PersonalFinance #PersonalFinanceCalculators #Personal-finance,"FINANCE.CODEPACKR.COM
Personal Finance Calculators
Emergency fund calculators, net worth audits, and inflation purchasing power erosion projections.
FREE TOOL
Runs in your browser","Create a square 1:1 social-media promotional graphic for CodePackr Finance (finance.codepackr.com) featuring Personal Finance Calculators. Use the attached CodePackr Finance reference images only as branding inspiration, not as a copy. Clean modern fintech aesthetic, deep navy/blue background, electric blue accent, white clean typography, subtle visual elements related to Personal Finance Calculators, strong mobile readability, generous spacing, professional finance-app style. Include exactly these main text elements: FINANCE.CODEPACKR.COM, Personal Finance Calculators, Emergency fund calculators, net worth audits, and inflation purchasing power erosion projections., FREE TOOL, Runs in your browser. Do not add hashtags, long paragraphs, fake statistics, fake UI, or unsupported claims. No spelling errors."
29,Business & Valuation Calculators,https://finance.codepackr.com/business-finance,"Business & Valuation Calculators: one less financial calculation to do by hand.

Calculate net ROI, annualized holding period returns, and capital multiples for business investments.. CodePackr Finance gives you a simple browser-based way to get the job done quickly, without spreadsheets or sign-ups.

Try it here: https://finance.codepackr.com/business-finance

#CodePackrFinance #Finance #PersonalFinance #BusinessValuationCalculators #Business-finance","Business & Valuation Calculators: Calculate net ROI, annualized holding period returns, and capital multiples for business investments.. Try it free: https://finance.codepackr.com/business-finance #CodePackrFinance #Finance #PersonalFinance #BusinessValuationCalculators #Business-finance",288,#CodePackrFinance #Finance #PersonalFinance #BusinessValuationCalculators #Business-finance,"FINANCE.CODEPACKR.COM
Business & Valuation Calculators
Calculate net ROI, annualized holding period returns, and capital multiples for business investments.
FREE TOOL
Runs in your browser","Create a square 1:1 social-media promotional graphic for CodePackr Finance (finance.codepackr.com) featuring Business & Valuation Calculators. Use the attached CodePackr Finance reference images only as branding inspiration, not as a copy. Clean modern fintech aesthetic, deep navy/blue background, electric blue accent, white clean typography, subtle visual elements related to Business & Valuation Calculators, strong mobile readability, generous spacing, professional finance-app style. Include exactly these main text elements: FINANCE.CODEPACKR.COM, Business & Valuation Calculators, Calculate net ROI, annualized holding period returns, and capital multiples for business investments., FREE TOOL, Runs in your browser. Do not add hashtags, long paragraphs, fake statistics, fake UI, or unsupported claims. No spelling errors."
30,About CodePackr Finance,https://finance.codepackr.com/about,"About CodePackr Finance: one less financial calculation to do by hand.

Learn about CodePackr Finance, its browser-first privacy philosophy, transparent calculations, and financial education mission.. CodePackr Finance gives you a simple browser-based way to get the job done quickly, without spreadsheets or sign-ups.

Try it here: https://finance.codepackr.com/about

#CodePackrFinance #Finance #PersonalFinance #AboutCodePackrFinance #Legal","About CodePackr Finance: Learn about CodePackr Finance, its browser-first privacy philosophy, transparent calculations, and financial education mission.. Try it free: https://finance.codepackr.com/about #CodePackrFinance #Finance #PersonalFinance #AboutCodePackrFinance #Legal",276,#CodePackrFinance #Finance #PersonalFinance #AboutCodePackrFinance #Legal,"FINANCE.CODEPACKR.COM
About CodePackr Finance
Learn about CodePackr Finance, its browser-first privacy philosophy, transparent calculations, and financial education mission.
FREE TOOL
Runs in your browser","Create a square 1:1 social-media promotional graphic for CodePackr Finance (finance.codepackr.com) featuring About CodePackr Finance. Use the attached CodePackr Finance reference images only as branding inspiration, not as a copy. Clean modern fintech aesthetic, deep navy/blue background, electric blue accent, white clean typography, subtle visual elements related to About CodePackr Finance, strong mobile readability, generous spacing, professional finance-app style. Include exactly these main text elements: FINANCE.CODEPACKR.COM, About CodePackr Finance, Learn about CodePackr Finance, its browser-first privacy philosophy, transparent calculations, and financial education mission., FREE TOOL, Runs in your browser. Do not add hashtags, long paragraphs, fake statistics, fake UI, or unsupported claims. No spelling errors."
31,Financial Disclaimer,https://finance.codepackr.com/financial-disclaimer,"Financial Disclaimer: one less financial calculation to do by hand.

Review the assumptions, limitations, and educational purpose of CodePackr Finance financial calculator estimates.. CodePackr Finance gives you a simple browser-based way to get the job done quickly, without spreadsheets or sign-ups.

Try it here: https://finance.codepackr.com/financial-disclaimer

#CodePackrFinance #Finance #PersonalFinance #FinancialDisclaimer #Legal","Financial Disclaimer: Review the assumptions, limitations, and educational purpose of CodePackr Finance financial calculator estimates.. Try it free: https://finance.codepackr.com/financial-disclaimer #CodePackrFinance #Finance #PersonalFinance #FinancialDisclaimer #Legal",272,#CodePackrFinance #Finance #PersonalFinance #FinancialDisclaimer #Legal,"FINANCE.CODEPACKR.COM
Financial Disclaimer
Review the assumptions, limitations, and educational purpose of CodePackr Finance financial calculator estimates.
FREE TOOL
Runs in your browser","Create a square 1:1 social-media promotional graphic for CodePackr Finance (finance.codepackr.com) featuring Financial Disclaimer. Use the attached CodePackr Finance reference images only as branding inspiration, not as a copy. Clean modern fintech aesthetic, deep navy/blue background, electric blue accent, white clean typography, subtle visual elements related to Financial Disclaimer, strong mobile readability, generous spacing, professional finance-app style. Include exactly these main text elements: FINANCE.CODEPACKR.COM, Financial Disclaimer, Review the assumptions, limitations, and educational purpose of CodePackr Finance financial calculator estimates., FREE TOOL, Runs in your browser. Do not add hashtags, long paragraphs, fake statistics, fake UI, or unsupported claims. No spelling errors."
32,Cookie Policy,https://finance.codepackr.com/cookie-policy,"Cookie Policy: one less financial calculation to do by hand.

Learn how CodePackr Finance uses browser storage and why its calculators do not require tracking or profiling cookies.. CodePackr Finance gives you a simple browser-based way to get the job done quickly, without spreadsheets or sign-ups.

Try it here: https://finance.codepackr.com/cookie-policy

#CodePackrFinance #Finance #PersonalFinance #CookiePolicy #Legal",Cookie Policy: Learn how CodePackr Finance uses browser storage and why its calculators do not require tracking or profiling cookies.. Try it free: https://finance.codepackr.com/cookie-policy #CodePackrFinance #Finance #PersonalFinance #CookiePolicy #Legal,256,#CodePackrFinance #Finance #PersonalFinance #CookiePolicy #Legal,"FINANCE.CODEPACKR.COM
Cookie Policy
Learn how CodePackr Finance uses browser storage and why its calculators do not require tracking or profiling cookies.
FREE TOOL
Runs in your browser","Create a square 1:1 social-media promotional graphic for CodePackr Finance (finance.codepackr.com) featuring Cookie Policy. Use the attached CodePackr Finance reference images only as branding inspiration, not as a copy. Clean modern fintech aesthetic, deep navy/blue background, electric blue accent, white clean typography, subtle visual elements related to Cookie Policy, strong mobile readability, generous spacing, professional finance-app style. Include exactly these main text elements: FINANCE.CODEPACKR.COM, Cookie Policy, Learn how CodePackr Finance uses browser storage and why its calculators do not require tracking or profiling cookies., FREE TOOL, Runs in your browser. Do not add hashtags, long paragraphs, fake statistics, fake UI, or unsupported claims. No spelling errors."
33,Calculation Methodology,https://finance.codepackr.com/calculation-methodology,"Calculation Methodology: one less financial calculation to do by hand.

Read how CodePackr Finance governs formulas, validates inputs, tests calculations, and applies rounding rules.. CodePackr Finance gives you a simple browser-based way to get the job done quickly, without spreadsheets or sign-ups.

Try it here: https://finance.codepackr.com/calculation-methodology

#CodePackrFinance #Finance #PersonalFinance #CalculationMethodology #Legal","Calculation Methodology: Read how CodePackr Finance governs formulas, validates inputs, tests calculations, and applies rounding rules.. Try it free: https://finance.codepackr.com/calculation-methodology #CodePackrFinance #Finance #PersonalFinance #CalculationMethodology #Legal",278,#CodePackrFinance #Finance #PersonalFinance #CalculationMethodology #Legal,"FINANCE.CODEPACKR.COM
Calculation Methodology
Read how CodePackr Finance governs formulas, validates inputs, tests calculations, and applies rounding rules.
FREE TOOL
Runs in your browser","Create a square 1:1 social-media promotional graphic for CodePackr Finance (finance.codepackr.com) featuring Calculation Methodology. Use the attached CodePackr Finance reference images only as branding inspiration, not as a copy. Clean modern fintech aesthetic, deep navy/blue background, electric blue accent, white clean typography, subtle visual elements related to Calculation Methodology, strong mobile readability, generous spacing, professional finance-app style. Include exactly these main text elements: FINANCE.CODEPACKR.COM, Calculation Methodology, Read how CodePackr Finance governs formulas, validates inputs, tests calculations, and applies rounding rules., FREE TOOL, Runs in your browser. Do not add hashtags, long paragraphs, fake statistics, fake UI, or unsupported claims. No spelling errors."
34,Editorial Policy,https://finance.codepackr.com/editorial-policy,"Editorial Policy: one less financial calculation to do by hand.

Learn how CodePackr Finance researches, reviews, updates, and corrects financial explanations and rules.. CodePackr Finance gives you a simple browser-based way to get the job done quickly, without spreadsheets or sign-ups.

Try it here: https://finance.codepackr.com/editorial-policy

#CodePackrFinance #Finance #PersonalFinance #EditorialPolicy #Legal","Editorial Policy: Learn how CodePackr Finance researches, reviews, updates, and corrects financial explanations and rules.. Try it free: https://finance.codepackr.com/editorial-policy #CodePackrFinance #Finance #PersonalFinance #EditorialPolicy #Legal",251,#CodePackrFinance #Finance #PersonalFinance #EditorialPolicy #Legal,"FINANCE.CODEPACKR.COM
Editorial Policy
Learn how CodePackr Finance researches, reviews, updates, and corrects financial explanations and rules.
FREE TOOL
Runs in your browser","Create a square 1:1 social-media promotional graphic for CodePackr Finance (finance.codepackr.com) featuring Editorial Policy. Use the attached CodePackr Finance reference images only as branding inspiration, not as a copy. Clean modern fintech aesthetic, deep navy/blue background, electric blue accent, white clean typography, subtle visual elements related to Editorial Policy, strong mobile readability, generous spacing, professional finance-app style. Include exactly these main text elements: FINANCE.CODEPACKR.COM, Editorial Policy, Learn how CodePackr Finance researches, reviews, updates, and corrects financial explanations and rules., FREE TOOL, Runs in your browser. Do not add hashtags, long paragraphs, fake statistics, fake UI, or unsupported claims. No spelling errors."
